{
  "lang":"en",
  "name":"pipeline",
  "version":"0.0.0",
  "spacy_version":">=3.8.7,<3.9.0",
  "description":"",
  "author":"",
  "email":"",
  "url":"",
  "license":"",
  "spacy_git_version":"4b65aa7",
  "vectors":{
    "width":0,
    "vectors":0,
    "keys":0,
    "name":null,
    "mode":"default"
  },
  "labels":{
    "tok2vec":[

    ],
    "ner":[
      "B-DES",
      "B-EMAIL",
      "B-NAME",
      "B-ORG",
      "B-PHOE",
      "B-PHONE",
      "B-WEB",
      "DES",
      "EMAIL",
      "I-DE",
      "I-DES",
      "I-EMAIL",
      "I-NAME",
      "I-OR",
      "I-ORG",
      "I-PHONE",
      "I-WEB",
      "NAME",
      "ORG",
      "PHONE",
      "WEB"
    ]
  },
  "pipeline":[
    "tok2vec",
    "ner"
  ],
  "components":[
    "tok2vec",
    "ner"
  ],
  "disabled":[

  ],
  "performance":{
    "ents_f":0.6060606061,
    "ents_p":0.6435643564,
    "ents_r":0.5726872247,
    "ents_per_type":{
      "B-DES":{
        "p":0.6,
        "r":0.4615384615,
        "f":0.5217391304
      },
      "I-ORG":{
        "p":0.6111111111,
        "r":0.7096774194,
        "f":0.6567164179
      },
      "B-PHONE":{
        "p":0.8,
        "r":0.6511627907,
        "f":0.7179487179
      },
      "I-PHONE":{
        "p":0.5185185185,
        "r":0.5,
        "f":0.5090909091
      },
      "I-EMAIL":{
        "p":0.5,
        "r":0.4,
        "f":0.4444444444
      },
      "B-WEB":{
        "p":0.8333333333,
        "r":0.9090909091,
        "f":0.8695652174
      },
      "I-NAME":{
        "p":0.7333333333,
        "r":0.4230769231,
        "f":0.5365853659
      },
      "B-ORG":{
        "p":0.5714285714,
        "r":0.4,
        "f":0.4705882353
      },
      "B-NAME":{
        "p":0.8333333333,
        "r":0.4,
        "f":0.5405405405
      },
      "B-EMAIL":{
        "p":0.8125,
        "r":0.8125,
        "f":0.8125
      },
      "I-DES":{
        "p":0.2857142857,
        "r":0.75,
        "f":0.4137931034
      },
      "PHONE":{
        "p":0.0,
        "r":0.0,
        "f":0.0
      }
    },
    "tok2vec_loss":589.4368522342,
    "ner_loss":291.1512756348
  }
}